{
    "eis": 1,
    "min_a": 0,
    "max_a": 4000,
    "n_a": 200,
    "r": 0.005,
    "q": 0.01,
    "Tr_lumpsum": 0,
    "Tax_richest": 0,
    "zeta": 0,
    "N": 1,
    "wN_aftertax": 0.7,
    "beta_hi": 0.9987628713511665,
    "dbeta": 0.08786014896219492,
    "omega": 0.49034511183958335,
    "beta_ave": 0.9539845169580815
}